step,ang_vel_body_0,ang_vel_body_1,ang_vel_body_2
0,-0.0674317,-1.1052746,0.53028554
1,-0.10411893,-0.016879695,-0.05818333
2,-0.09149867,-0.9320792,1.9318162
3,-0.05513774,-1.1529791,-0.15604989
4,-0.5007922,-1.1988182,0.27701625
5,-0.15140793,-0.69794863,-0.2952411
6,0.055782735,0.74344677,-0.6045134
7,-0.0013824254,0.26310197,0.4637086
8,-0.39549685,-0.053429842,-0.1000651
9,-0.040518343,-0.47492495,-0.25238305
10,0.6162319,-0.5770627,-0.31543425
11,0.40981957,-0.2941867,1.0226305
12,0.6207267,-0.39272928,0.54757315
13,1.1513021,-1.0061327,-2.701371
14,1.2592106,-0.30660206,-1.6003375
15,0.3187265,0.4234764,0.32319513
16,-0.099712946,1.7177633,-0.44293243
17,-1.1478288,0.53508866,-1.0706356
18,-0.7862438,0.44975114,-0.8968091
19,-0.051835872,1.1094935,0.16486807
20,-0.06976577,0.7434327,-0.635172
21,-0.014476338,0.7076795,0.08178871
22,-0.49144155,0.1414624,-2.7060773
23,0.05911173,0.34396845,-1.9249092
24,0.044884928,-0.5436549,-0.386316
25,0.45897043,-0.49574918,-0.61923486
26,0.614137,0.13443722,0.29465818
27,-0.42927402,-0.35784683,-1.8419027
28,-0.030613737,-0.39956537,-0.48331502
29,-0.096906126,0.091666654,-0.5850838
30,-0.5915678,0.00866153,0.206655
31,0.01616364,0.81552565,0.3897113
32,0.0201855,0.53759354,0.2782627
33,0.1666657,-0.11923128,-2.5186923
34,0.1925315,-0.38382596,0.5898849
35,0.37223577,0.047107596,-0.5856792
36,0.08598621,0.12061964,-0.7359093
37,-0.27616006,0.9552668,-0.17052701
38,-0.4721837,1.530072,0.09667574
39,-0.38551354,0.10395558,0.68047917
40,0.34142393,-0.6586748,0.6067437
41,-0.52657694,0.14734638,-1.0265104
42,0.24289142,0.68454295,-0.023419939
43,0.26974905,0.61873454,0.39729714
44,0.04131441,0.54670954,0.6059688
45,-0.7277929,-0.4881229,-0.95679003
46,0.17171031,-0.42712477,-0.11084959
47,-0.44934824,-0.5171272,-1.4488411
48,-0.30581078,-0.55095935,-2.47737
49,0.43163684,-0.997231,0.5306036
50,0.85479325,-0.2573791,-0.025525248
51,0.59613144,0.22378871,-0.4792605
52,-0.301339,0.11580223,-1.0026985
53,-0.106065206,0.8693221,-1.3057072
54,0.14779037,1.1098316,-0.4025936
55,-0.5444288,1.041758,1.2605515
56,-0.48657972,0.06671425,-1.350224
57,-0.41094634,-0.03449993,-2.005747
58,-0.25815427,-0.027994398,-0.51800746
59,0.4265848,0.31699875,0.0912588
60,-0.012030987,0.85839295,-0.029991906
61,-0.5453105,0.51093763,-0.32404765
62,-0.21189214,0.027300378,0.08476769
63,-1.5284946,-1.2713526,2.170176
64,-0.9752601,-2.4715018,0.29803103
65,-0.06575755,-1.5956116,-0.44086874
66,0.12620606,-0.48743182,0.30668315
67,0.37079927,0.55669546,-0.44196245
68,0.47600132,1.04765,0.5770639
69,-0.5562211,-0.1592868,1.9229465
70,-0.12911265,0.387745,-0.060534004
71,-0.35220283,0.8877002,0.8909461
72,-0.5648165,0.83397305,0.9670398
73,0.0031129606,-0.28532454,0.9143536
74,0.6050489,0.085785255,1.5775281
75,0.2277754,-0.22266045,1.2271926
76,0.16354635,-0.0765558,-1.1888299
77,0.40962473,0.11359057,-0.2983823
78,0.26657963,-0.21009196,-1.9823508
79,-0.14350396,-0.22106422,-0.30443385
80,0.080424845,-0.5416616,-1.2874115
81,0.8080925,-0.9498429,-0.7485609
82,-0.061266787,-0.54836977,0.5563451
83,0.24595521,1.0198041,-0.18068857
84,0.52438056,0.55304825,-0.8424907
85,0.14978896,0.33159408,-0.49284145
86,-0.05181323,-0.21474153,-1.9273189
87,-0.79628766,0.5369029,-1.8336866
88,-0.8572144,0.32933116,-0.22758932
89,0.187193,0.17887716,-0.199683
90,-0.45977873,-0.17898151,-1.0959553
91,-0.28811073,-0.5623953,0.16175655
92,-0.4593072,-0.29966614,-1.3777968
93,-1.0119509,0.07919948,-0.9115267
94,-0.83307415,0.32338595,-1.2473676
95,-0.98789483,0.6816813,-1.8798444
96,-0.41359884,0.1416887,0.82563233
97,-0.2937094,-0.6777708,-0.24432199
98,0.058934614,-0.98101544,1.7295752
99,-0.09448856,-0.49745744,1.2362056
100,0.9001631,0.16778676,1.4408513
101,0.9082688,0.37810045,0.65734833
102,0.4777539,0.21110085,0.39620426
103,0.5770195,0.34551296,-0.53840435
104,-1.0754865,0.45565394,0.8500304
105,-0.46576753,0.8412691,1.6329243
106,0.3451373,0.2888912,2.1210845
107,0.42704707,-0.6954679,-0.08787682
108,-0.03107638,-0.09744443,0.90202075
109,-0.20037289,0.66058743,-1.3181058
110,-0.3551855,0.009745935,-0.106854714
111,0.23393175,-0.31796068,1.2034739
112,0.13489997,-0.9636944,-0.028385997
113,0.2905075,-0.9171893,0.26819506
114,0.18368776,-0.062894024,-0.33179742
115,-0.3506796,0.66313636,0.1963778
116,-0.5047919,1.2045274,-0.22885966
117,0.094073206,0.5091711,0.4306654
118,0.1695574,0.06949533,-0.23385784
119,-0.2261191,-0.5494265,0.0047524273
120,0.15436451,-0.29565224,0.031509086
121,0.4433813,-0.076148026,-0.9504656
122,0.8684065,0.0078028217,-0.9962665
123,0.18660961,-0.29274437,0.23410012
124,0.31737477,-0.06975543,0.9926002
125,0.391897,0.9577516,-0.8051419
126,0.6891694,-0.40053803,-0.6077963
127,0.24612877,0.30552465,-0.47762975
128,0.2897811,-0.6521679,1.0347497
129,-0.02253247,-0.41790128,-0.6040995
130,-0.753028,-0.81254345,-0.3634519
131,0.4264594,-2.3577032,2.6274543
132,0.6821836,-1.1486499,1.1117519
133,0.7775406,0.48634735,1.3157676
134,0.1762692,1.1500206,0.15773553
135,0.9940766,0.90749496,0.20134348
136,0.2699479,0.62960243,0.1718483
137,-0.021681271,0.9912821,1.3070761
138,-0.49923706,0.45673823,2.016097
139,-0.8470534,0.35892096,0.9948359
140,-0.19276933,-0.5877066,0.72228557
141,-0.6148448,0.15922596,-0.9116068
142,-0.7670273,-0.042253353,0.7233691
143,-0.20703018,-0.17195864,0.36942303
144,-0.594999,-0.24336946,-0.13091311
145,0.1547435,-0.2484612,-0.19413522
146,0.18247171,-1.6243159,-1.5807843
147,0.48083574,-1.8501439,-2.535775
148,0.21756954,-0.26545966,0.48130342
149,-0.10372955,-0.04063088,-0.26651093
150,0.51065993,0.29349872,-2.296679
151,-0.4057608,0.89271325,-0.6233052
152,-0.043291964,0.61645883,0.35767555
153,0.027920874,0.6992061,-0.12738952
154,0.42395717,0.1285562,-2.155377
155,0.024239514,-0.137862,-1.2458507
156,0.42272684,-0.17697515,-1.8177449
157,0.694849,-0.6923626,-0.22064418
158,-0.021430817,-0.01317873,1.8417538
159,-0.5582912,-0.3901322,1.0230747
160,-0.68492854,-0.048645,-0.07941441
161,-0.29135635,-0.20597847,0.57895833
162,-0.124420375,-0.100078344,-1.5015581
163,-0.17750438,-0.7843451,-0.5257247
164,0.4111572,-1.0807182,1.6664343
165,0.7868025,0.27363226,-0.98532146
166,0.9428565,0.75522256,-0.026063208
167,0.33201113,0.71963364,-0.065601625
168,-0.19034459,1.1685005,2.1364608
169,-0.5551127,0.85737234,0.9200858
170,-0.25779977,0.07902612,1.8624554
171,-0.28985983,0.2989894,0.45701128
172,0.28418168,0.29639176,0.97694606
173,-0.39424512,0.16952771,-0.54500157
174,0.26313248,0.13893168,0.71593183
175,0.7502666,0.2507896,0.4410809
176,0.29935408,-0.44707906,0.006466601
177,-0.5590418,-0.14141223,0.05294907
178,-0.33499813,-0.07442344,1.1835474
179,-0.44652817,0.26898408,-0.7415017
180,-0.21723366,-1.1980687,0.39839226
181,-0.024387326,-1.0800577,-0.83760124
182,0.2855548,-0.7085399,-1.6682191
183,0.287466,0.7100146,-0.3885356
184,0.26948088,0.52048,-0.97327954
185,0.09695146,0.13801955,-0.21800683
186,-0.39916968,-0.14694528,-0.13833033
187,0.43056566,0.112832956,-1.326131
188,-0.006526471,0.14485002,-0.54149336
189,0.5571127,0.26827925,-0.81568563
190,-0.6496526,0.48396873,0.6727733
191,0.39014468,0.707313,1.3846453
192,-0.18661936,0.14702617,1.3824551
193,-0.12792805,-0.6404061,0.39941284
194,-0.008670308,-0.83294487,-0.48340145
195,0.03287355,0.15376657,0.5959439
196,-0.07009067,-0.61462873,0.70704937
197,0.011894714,-1.2666552,-0.8300344
198,-0.10585864,-0.21343128,-0.24461883
199,0.5082283,0.006471268,0.50069064
200,0.6156455,1.2120894,-0.7531035
201,0.76355845,1.2402275,0.6439376
202,0.19576693,0.5373542,1.2878239
203,-0.3742315,0.86976784,0.12169395
204,-0.97707146,1.2382591,1.1633512
205,-1.288903,0.45346692,0.9465717
206,-1.5756931,-0.17134203,0.80885994
207,-0.15180494,0.13393934,0.48057342
208,-0.017470218,0.11265563,-0.45431933
209,0.20523056,0.27535522,0.38481796
210,-0.4594519,0.045433603,2.108411
211,-0.18794468,-0.4544155,1.4242083
212,0.25578314,-1.4976227,1.2976416
213,-0.38586962,-1.2254452,0.102659404
214,-0.3449538,-0.25145623,-0.45203805
215,-0.5224688,0.5262901,-1.9681022
216,0.4160025,0.8079865,-1.0381978
217,0.37817335,-0.3196409,-1.5791725
218,0.374248,-0.020517293,-0.7052423
219,-0.20138788,0.24964738,0.2327596
220,0.5452994,0.5886531,0.2595238
221,0.31613538,0.046507873,-1.7452743
222,-0.3162531,-1.1606289,-0.9841767
223,0.24319606,-0.60337055,-1.0126804
224,-0.26666918,-0.6344965,-0.2609958
225,-0.26576495,-1.4641972,0.64806664
226,-0.09118972,-0.34620452,0.691462
227,-0.23425183,-0.56131524,1.168702
228,-0.06835368,-0.6418863,1.3437842
229,-0.7071214,-0.9770662,0.44476977
230,-0.66613686,-1.39308,1.1900071
231,-0.3104171,-0.3831429,1.0710926
232,0.7725487,0.49966422,-0.33376175
233,0.95294034,1.3443302,-0.2572751
234,0.99283755,0.8253727,0.591829
235,1.0731881,0.3394377,1.6257625
236,-0.024083424,-0.1486525,2.3817058
237,-0.5399343,-0.40001678,0.15478715
238,-0.603211,0.30136073,2.007242
239,-0.87674576,0.5944921,0.5298059
240,0.27247697,-0.042557422,-0.037339285
241,0.012247614,0.28225282,0.101353176
242,0.5288388,0.6121826,-0.6157106
243,1.4169267,-0.10872352,0.53721267
244,0.594291,-0.30083638,-1.4324542
245,0.13792136,0.016690787,0.71070737
246,-0.8010249,0.21547677,0.9513367
247,0.20270748,-1.0472834,-0.053962845
248,0.56075937,-0.36909592,-1.5417718
249,-0.09151524,0.71579576,-1.4787576
250,0.2266028,0.72656494,-2.0267572
251,0.3949883,-0.01969872,-2.7252285
252,-0.4160568,0.48306885,-0.7657935
253,0.18545628,0.6045859,0.26763725
254,-0.009672534,0.3305784,0.8264221
255,0.06820013,-0.08004944,0.7858706
256,0.33782342,-0.03628794,-0.3691383
257,0.06850134,0.9081829,-1.2499441
258,0.30588028,0.9372916,-0.027629416
259,0.02720569,1.2572392,1.4567884
260,0.004845673,-0.23200443,-0.057241827
261,-0.46696874,0.65975004,1.2432026
262,-0.34242317,0.03797116,0.91187537
263,-0.5593414,-0.095364384,-0.22718638
264,-0.6497163,-1.2266831,0.3837616
265,-0.22427012,-1.4034477,1.6306832
266,0.17633972,-0.5442496,-0.22833784
267,0.03377139,0.16568752,-0.77949804
268,0.6298591,0.51713884,-0.5849528
269,0.34473622,-0.19080386,0.6627893
270,-0.9351086,0.6694414,-0.14796889
271,-1.0849812,0.20839031,0.66476977
272,-0.426669,-0.15232372,0.39828488
273,-0.21530893,-0.43580458,-0.6963338
274,0.6838432,-0.95144993,-0.4063467
275,0.38620564,-0.53023714,-0.78535837
276,0.68005776,0.06978366,-1.6799341
277,0.27321225,-0.82469404,-2.8135798
278,0.0121657625,-0.66954416,-0.52780354
279,0.31075203,-1.8158497,-1.8903973
280,-0.18826756,-2.0754955,-2.6234746
281,-0.031643778,-0.6070935,-1.33165
282,0.57103455,0.52785563,-0.6325506
283,-0.26980868,2.2584844,-1.3332375
284,-0.046057925,1.6905302,-1.4316548
285,0.01969659,0.7699117,-1.9398831
286,0.4625808,0.26939633,-2.2285354
287,0.05420614,-0.1877897,0.339129
288,-0.08319941,0.3742267,1.6958946
289,-0.21783079,-0.685012,0.37424302
290,-0.26775977,-0.6609327,-0.3882214
291,-0.30560425,-0.17385313,-0.3228053
292,-0.5420247,0.56744826,-0.015276275
293,-0.6066596,0.20170844,-0.81151664
294,-0.83371663,0.46461397,-1.5080041
295,-0.40167674,0.6687646,-0.7458615
296,-0.014401238,-0.21649393,0.64551836
297,-0.19650127,-0.69400007,0.4806129
298,-0.5187155,-0.7673131,2.3594425
299,-0.052653417,-1.2891705,2.1567008
300,0.47691357,0.18576038,0.21829975
301,1.0626112,0.63447595,0.72308475
302,0.090510726,0.9099407,1.4594144
303,0.51637846,0.6186369,1.7219994
304,-0.22627029,0.6512958,1.3843007
305,0.27668393,0.077378966,1.3466642
306,0.16596004,-0.88135314,-0.2882374
307,-0.45869416,-0.6912044,1.4868096
308,0.06294909,-0.4199113,2.524503
309,-0.0970134,-0.19017032,-1.2201138
310,-0.12843244,-0.3654299,-0.28266868
311,-0.2139638,-0.7730781,-0.72180384
312,0.15371856,-1.2669017,-1.0662104
313,-0.34469867,-1.1242766,0.8199352
314,0.26182488,0.11330275,-0.4412649
315,0.3365916,1.2410703,-1.6270089
316,-0.062430456,1.4127024,0.4941326
317,-0.24263075,0.7779444,0.6273461
318,0.57836294,-0.05296928,-2.1371572
319,0.3197551,0.29614183,-1.3441346
320,-0.43461752,0.32372862,-1.0320745
321,-0.13190739,1.2865825,-0.75424767
322,0.21628524,0.9029777,-0.79790497
323,-0.62432164,0.8058003,-0.01580533
324,-0.9205806,0.019192554,0.8512808
325,-0.5523869,0.7998515,0.008471977
326,-0.32117677,1.1313937,-0.83971244
327,-0.3850131,0.045128174,-1.7223601
328,0.13651451,0.047821797,-1.2386209
329,0.2597876,-0.27474716,0.043791495
330,0.019874416,-1.083352,0.3860106
331,-0.08414985,-0.75586855,0.6723182
332,0.9881464,-0.2539807,1.6544223
333,0.4678221,0.83754843,0.29627556
334,-0.5925811,0.93259853,1.9064636
335,0.13708591,-0.19644465,2.5528631
336,0.009859756,-0.3213599,0.794007
337,-0.4082007,0.1664159,0.8621762
338,-0.58469653,-0.13648774,0.95296013
339,0.22536144,0.4090272,1.8269763
340,-0.4977733,-0.73818696,0.85796475
341,-0.25027686,-0.7362756,-1.3699468
342,0.025901368,-0.54900247,0.26927367
343,0.16832635,-0.21117145,-1.7825527
344,1.0931144,-0.93534315,-0.7444813
345,1.7977358,-1.1951323,-0.027008206
346,0.98132515,-0.5197746,-0.0005873218
347,0.11164498,-0.36940658,-1.7265644
348,0.039474063,0.021545328,-1.9992837
349,0.028743569,0.2792052,-0.9266565
350,0.094639726,0.68816036,-1.5324742
351,0.27993467,-0.35838872,-1.1175897
352,-0.6958784,-0.48787713,-1.5241061
353,-0.49412447,-0.01587294,-2.3275692
354,-1.2167413,0.11361009,-1.7808343
355,-0.4921303,0.6733024,-1.1251945
356,0.37153873,0.6690036,-0.016880117
357,0.08407449,-0.22563836,-0.51098263
358,0.16237605,0.061618805,-1.0468798
359,0.5434755,-0.6992487,-0.64317715
360,-0.44930714,-0.33921015,-0.8976404
361,-0.5120445,-1.3601761,-0.01657392
362,-1.0080004,-0.42128664,-0.8083608
363,0.33772504,0.05380411,1.0274715
364,0.3983256,-0.60449755,0.3650209
365,0.3598101,0.5757588,-0.040224746
366,0.40206832,-0.3750577,0.5130692
367,0.31055722,-0.16570508,0.30011445
368,-0.25951874,-0.6996841,-0.31567895
369,0.17564575,0.80871505,-0.21449506
370,0.22837016,0.22869098,1.4347004
371,0.14624278,0.29395068,0.89586323
372,0.008178242,0.6082089,0.946767
373,-0.16212976,-0.45197105,1.901842
374,-0.6516472,0.26607424,0.3540402
375,-0.27467826,0.052454032,1.5428635
376,0.6838788,0.18887861,0.13765617
377,1.3718277,-0.2918165,-1.29507
378,1.6534485,-0.20731467,0.41033706
379,0.4516457,-0.67670816,0.72660255
380,0.30778497,-0.78770256,0.35868305
381,0.2660191,-0.06297748,-1.8738269
382,-0.15196794,0.15163356,-0.062242884
383,-0.9158137,0.75779325,1.0133505
384,-0.39692134,0.39681184,-0.982808
385,0.24522434,0.30499226,-3.146383
386,-0.27501467,-0.13186967,-2.15959
387,-0.013236258,-0.37702173,-1.983527
388,0.0401109,0.39742112,-0.81403804
389,0.21072274,-0.6852653,-1.6207775
390,-0.05053561,-0.3007751,-2.0383732
391,0.13972665,-0.2241729,0.073290564
392,-0.007405551,-0.8914698,-0.95524484
393,0.024567375,-0.41781035,-0.71474093
394,-0.34154734,-0.94623,-1.5672761
395,-0.6288548,-0.5546644,0.8686651
396,0.19935516,-1.1570172,1.5407326
397,0.014836997,0.054582037,1.5654316
398,0.96932787,0.60994935,-0.08167307
399,1.2492034,1.2929174,0.92174137
400,0.35241535,1.2206402,0.24238218
401,-0.59810096,0.5635667,1.1443067
402,0.0729502,0.97261226,0.68760556
403,-0.722336,-0.18416731,0.4107818
404,-0.0069945096,0.43166766,1.2786882
405,-0.32132575,0.9923368,-0.26812837
406,-0.6438377,1.0078682,0.9884625
407,-0.108651586,0.48831087,-0.0019502752
408,0.42905688,-0.3218006,-2.0030937
409,0.84570986,-0.016392872,-0.92449164
410,0.65486914,0.1971681,-0.8335021
411,-0.5514548,0.25275162,-1.1124378
412,0.4562154,-0.013912737,-1.0272266
413,0.50851583,-0.3504195,-0.0940582
414,0.14137594,-0.6294244,-0.6695418
415,0.306741,0.22488312,-0.8991875
416,-0.2916292,0.058391325,-0.059793536
417,-0.30759746,-0.052926496,-1.3614931
418,-0.9466681,-0.013878297,-0.7225362
419,-0.4474039,-0.06482405,-2.107573
420,-0.31320846,0.4948829,-1.2480538
421,-0.11363977,0.6059888,-1.7449528
422,-0.16816804,1.5165143,-1.8964722
423,-0.09426537,-0.22524257,-1.2403041
424,-0.5880286,-0.11709624,-0.445534
425,-0.45787233,0.099114075,-2.1344535
426,-0.35033494,0.22289672,-0.5914522
427,-0.6677802,0.2788032,0.20592403
428,-0.73666567,-0.76374793,0.9134151
429,-1.3664528,-0.28637862,0.38571957
430,-0.63495606,-1.235278,0.12886344
431,0.018134933,-0.6364764,0.6092849
432,0.70939744,-0.22646794,0.38205817
433,0.5777062,-0.58596975,-0.26126254
434,0.7940962,-0.3125007,0.24765281
435,-0.042379297,-0.34768113,0.18076634
436,-0.5537036,-0.16879414,2.3792775
437,0.30406284,0.39053133,1.2342737
438,-0.32279104,0.77949697,2.0010579
439,-0.076522425,0.5627173,2.3301044
440,-0.2185248,0.30749953,1.0815135
441,0.34951407,0.5123017,-1.3755963
442,0.4922524,-0.06326112,-0.9602164
443,0.067636594,0.75203335,-0.6475091
444,0.7299027,0.18024309,-0.920657
445,0.87731236,-0.7612709,-1.7973078
446,1.1174995,-2.220074,-0.52654356
447,-0.16091461,-1.5567336,-1.1444825
448,-0.6625376,-0.16170004,1.0239491
449,-0.585001,-0.04696999,-0.05347518
450,-0.04561644,-0.30240065,0.8542152
451,0.6273326,-0.5756591,-2.1218443
452,0.2387973,-0.60967034,-1.7067674
453,-0.11337237,0.2649349,-1.2050928
454,-0.32936558,0.368464,-2.312854
455,0.45087847,-0.00027542934,-3.0018916
456,0.598867,-0.2415996,-0.35649335
457,0.6817982,-0.108002014,-0.78930414
458,0.23530596,-0.20313834,-0.34118843
459,-0.6748627,-0.066299684,-1.0733038
460,-0.25290066,0.3306329,0.70607126
461,-0.34388778,-0.073187366,1.2355273
462,0.6964136,-0.40490755,1.2673042
463,0.36386135,-1.0560141,0.7028602
464,0.49987215,-0.49108425,1.4680301
465,0.48047563,-0.92070824,0.7936838
466,0.027303591,-0.1656236,1.2766
467,0.30017322,-0.21628205,-0.14297274
468,-0.016319707,0.15824983,2.2286313
469,-0.11975315,0.440867,1.0084108
470,0.588411,0.4047977,-0.8820836
471,1.0051004,0.8533499,0.42213124
472,0.56379443,1.3028264,0.37425238
473,-0.05536813,0.13632782,0.2809256
474,-0.2980212,0.33537665,-1.0826013
475,1.0733843,-0.2622468,-1.1256944
476,0.7408148,-0.42683372,0.26263815
477,0.13811389,0.5595425,1.0025493
478,0.10077849,0.30786264,-1.2163332
479,0.14562605,-0.23187424,-0.32019234
480,-0.30382225,-0.5419658,0.121895805
481,-0.2641907,-0.4656484,-0.67938876
482,0.031096956,0.38658577,-1.3009341
483,0.42931178,1.4015846,-1.5170792
484,-0.40929243,1.4447026,0.51982474
485,-0.49052462,1.7322266,-0.5330394
486,-0.5008065,0.11142678,-1.3810529
487,-0.85773814,0.35867313,-2.215817
488,0.060093224,-0.23100981,-1.7983214
489,-0.34929618,0.0047807526,0.22237103
490,0.17782849,0.08878291,-0.78972185
491,-0.48389748,0.2543142,-0.44817156
492,0.109505564,-0.5127935,0.224646
493,-0.28070503,0.15089548,0.8437398
494,-0.51245457,0.86576563,1.6162325
495,-0.49613556,0.09394105,1.3226285
496,-0.9577699,-1.1466419,0.44768834
497,-0.70117545,-1.0954021,0.051018782
498,-0.10098007,-0.5873437,-0.36195034
499,-0.27629283,-0.1394379,-0.14895181
500,-0.39764866,0.0047286362,0.36653978
501,0.27659166,0.39842975,0.46423924
502,-0.018171445,0.04113542,2.4110816
503,-0.7368096,0.13040566,1.5540204
504,-0.71592957,0.03335707,1.2630937
505,-0.71626234,0.17015237,0.37676042
506,-0.57598346,0.38490766,1.8994809
507,-0.4254756,-0.008424342,1.7322259
508,-0.1405136,0.10251807,0.28382054
509,0.007894322,-0.102426246,0.8579101
510,0.41334912,-1.006283,0.15929039
511,1.2333238,-1.6568897,-0.32400432
512,0.88705593,-0.87732047,0.036167867
513,0.2330677,-0.48565492,-0.30676755
514,-0.21662802,-0.02240445,1.6396544
515,0.13346629,-0.33609435,0.36844626
516,-0.13191408,0.021876791,0.46024323
517,0.38819253,-0.5048394,1.7064949
518,0.32530245,-0.051373202,-0.141482
519,-0.10981973,-0.46084294,-0.4692481
520,-0.007471275,0.13900931,0.12986007
521,0.055552635,1.2431134,-0.071250305
522,-0.13585629,0.71025693,-0.07611762
523,-0.23681197,0.8590565,0.14238392
524,-0.4347239,-0.12395814,-0.42921707
525,-0.22102264,0.08181426,-0.066997126
526,-0.24146757,-0.31322622,1.3924595
527,-0.3947489,-0.987586,-0.05309424
528,-0.7042995,-0.7636344,-0.62693447
529,-0.65250623,-0.71844584,0.32766047
530,0.15969883,0.6924924,-0.08963593
531,0.45829913,1.0950047,-0.3714821
532,0.5832442,0.74310386,-0.06688288
533,0.41425723,-0.020237714,0.29513797
534,-0.13085173,-0.44503525,-0.65147734
535,-0.2765215,-0.024213491,0.59287953
536,-0.14436935,0.15289317,0.17504576
537,-0.1875318,-0.16890532,0.59541506
538,0.124523066,0.43022072,0.58082485
539,-0.665114,0.98376757,0.82388
540,-1.5790395,0.99959457,-0.3412132
541,-0.7785426,0.039977312,-1.6078935
542,0.69396806,-0.676401,-0.45674533
543,0.5575457,-0.2626074,-0.22456947
544,0.43112049,0.7021761,-0.32734635
545,0.27261227,-0.069738,-0.9449937
546,-0.021933712,-0.574666,-2.0655766
547,-0.29834133,-1.110761,-1.6899612
548,-0.13439657,-0.76259977,-0.3859297
549,-0.20648846,-0.09058959,-0.85391235
550,-0.092795245,0.10572241,-0.035222083
551,-0.048011966,0.28591114,0.78924364
552,0.07537024,-0.0026934743,1.3389193
553,0.28447062,-0.069667384,-0.93799543
554,0.6449569,0.06470746,-0.9910843
555,0.47812194,0.8197753,0.4752497
556,0.60420364,0.062400315,-0.11575495
557,0.19545364,-0.030324444,0.52723646
558,0.3320052,0.36189115,0.71379226
559,-0.2504697,-0.017617103,0.5103986
560,0.20164128,-0.10692917,0.8539789
561,0.32508904,0.21215925,0.64872164
562,0.49089748,-0.40168846,0.75027955
563,0.41055855,-0.71846783,0.9863978
564,0.09364339,-1.6106758,0.5994903
565,0.07721242,-0.03418444,0.593589
566,0.6750909,-0.2437876,0.4612437
567,0.62787724,0.382219,-0.9593272
568,0.105444886,0.6073058,0.98567826
569,-0.3619177,0.5050302,0.8637548
570,-0.40144426,0.8029865,2.1126819
571,-0.9891255,0.37784272,0.3191622
572,-0.18893895,0.5760949,0.70619947
573,-0.040544566,-0.17925818,-0.051577523
574,0.24450107,0.7588595,-0.03553289
575,-0.25804934,-0.44959512,-0.6368288
576,-0.19533077,0.32394817,-1.2979087
577,-0.054179303,-0.5538131,-0.37879565
578,-0.1599855,-0.4779799,0.591002
579,-0.062341325,0.07102362,-0.242541
580,0.5256746,-1.0230583,-1.8543531
581,0.12250058,-1.262699,-0.94238895
582,-0.7995105,0.19673428,-0.7334292
583,-0.052119717,0.23355271,-1.2185694
584,-0.48403034,0.6343656,-1.7649441
585,-0.5454574,0.9510483,-2.0971906
586,-0.22139388,0.027245216,-2.1796474
587,0.51765066,-0.19991547,-1.8447447
588,0.55321956,0.7460269,-0.5006826
589,0.30941284,0.03539154,-0.69548464
590,0.075471655,0.26228446,0.022444088
591,0.4630577,0.76311815,0.090657644
592,0.8002438,-0.09199475,1.1057522
593,-0.092022076,0.653635,0.3173863
594,-0.60208553,0.03136192,-0.16698188
595,0.23772518,0.19499584,0.86865735
596,0.18984258,-0.94370073,1.0232251
597,-0.07997093,-0.32347453,1.498184
598,0.36365798,-0.63842016,2.5634875
599,0.07862806,-1.3539443,1.8754191
600,0.056392625,-0.49698308,0.29412973
601,0.1431955,-0.29567352,1.7217236
602,0.7268422,0.7968693,0.4400378
603,0.17515358,0.6063181,-0.4756645
604,-0.19004215,1.0474215,0.7020027
605,-0.77341,0.8276822,1.055471
606,-0.3998784,-0.05908929,1.3031998
607,-0.9291576,-0.38312975,0.9932027
608,-0.5290852,-1.1322496,2.4091408
609,-0.097309366,-0.92429394,0.45498145
610,-0.17320414,-0.29194984,0.13301954
611,0.66838944,-0.85514325,-0.32356748
612,0.17254436,-0.09408368,-0.9154559
613,0.09060183,0.47961167,-0.089600034
614,0.25820106,1.1434299,-1.4326571
615,0.48596114,0.7116276,-1.8118005
616,0.0979051,0.7914341,-1.5201247
617,-0.103446126,-0.044109453,-0.035423487
618,-0.32938865,0.46625847,0.109234735
619,-0.44717997,-0.019265812,0.570004
620,-0.106562875,-0.38706973,-1.8897142
621,0.20389816,-0.17625327,-1.1908084
622,0.008488636,0.07388915,-0.622832
623,0.086480185,0.9808713,0.7774676
624,0.66460747,0.5269807,0.69567454
625,0.31137794,0.25115958,1.663953
626,-0.29380873,0.2567376,-0.12853093
627,-0.25325823,-0.5770439,-0.0068579223
628,-1.4223706,-1.3508306,1.5687459
629,-1.4311473,-0.7350459,0.1894138
630,-0.48559418,0.08211967,0.7314677
631,0.15876998,0.3741453,0.00978267
632,-0.67529434,0.1304154,0.34178782
633,-0.6588421,-0.41345197,0.28354284
634,0.3099307,-0.61867803,0.6471315
635,0.1859902,-1.065081,-0.1756084
636,0.7054497,-0.27221382,2.1207345
637,0.66888624,-0.046751812,3.1801736
638,0.20700754,-0.4415206,2.136288
639,-0.31974488,0.48334056,1.9888359
640,-0.1694262,0.44865033,0.80634105
641,-0.28028443,0.09580879,0.23510219
642,0.21041384,-0.09713287,-0.046054363
643,0.19947532,-0.79806566,0.5295782
644,1.1471416,-0.18812832,0.05117199
645,0.9880571,-1.4290146,-1.0766469
646,0.7883895,0.11695073,-1.2776097
647,0.59389305,-0.09505999,-0.94231033
648,0.09433146,0.17118238,-2.0232506
649,-0.10366568,0.5924848,1.0525771
650,0.06744384,0.6583967,1.3508875
651,-0.3321977,0.7591875,-1.0413498
652,-0.20831236,-0.12428311,0.3711557
653,0.11157659,-0.008820195,-1.9530766
654,0.22002436,1.2490973,-0.9100077
655,0.089921966,0.35154605,-0.36008427
656,-0.51621336,0.2697691,-1.5484638
657,0.28274637,-0.09058109,0.1810699
658,-0.10712,0.04934586,0.41427407
659,0.65311736,-0.11108813,0.77738786
660,-0.65270996,-0.5578794,-1.2237872
661,-1.0652695,-1.1551981,0.3855402
662,-0.2179298,-1.4264928,0.5017993
663,-1.1371547,0.18671772,0.57593894
664,-0.35304284,-0.12771083,1.1185412
665,0.20144135,0.24826182,0.245416
666,0.846453,0.73943216,-1.3430641
667,0.3487989,-0.16696125,-0.19833887
668,-0.10486183,0.6935053,1.4718906
669,-0.15878826,0.07215901,1.0838703
670,-0.10126819,0.6410606,1.8871303
671,0.04129202,1.1070008,1.2497413
672,-0.045697533,0.7620873,-1.6202277
673,-0.27299067,0.55516577,-0.1859513
674,-0.58838665,0.25281563,0.0064949505
675,-0.53685176,0.15254293,-0.18595739
676,-0.33170334,-0.5558908,-0.94511646
677,0.8614299,-1.0271412,0.24573314
678,1.0152758,-1.6135585,0.7483008
679,0.84526056,-0.79533213,-0.88448614
680,-0.23733076,0.516749,-0.6663615
681,-0.14390822,-0.21732152,0.051127385
682,0.24899593,0.2722177,-1.8439488
683,-0.32488206,0.17805633,-0.31750956
684,-0.1416606,0.045230214,0.7161903
685,0.25281513,-0.39647537,-1.1745543
686,-0.04670384,0.18056357,0.31622428
687,0.02973542,-0.20045239,0.4240199
688,0.47625792,0.2844271,-0.04084803
689,0.3716041,0.236155,-1.2837073
690,0.5874893,0.23588306,-0.43958002
691,-0.00086186454,0.22361185,1.011175
692,-0.51220655,0.3129397,0.8675196
693,-0.8301415,-0.6366789,-1.1127698
694,-0.3426159,0.0146645745,-0.5977953
695,0.3496071,0.34767798,1.2188452
696,-0.07288047,-1.2302246,2.0628498
697,0.6775791,-2.0604284,0.75867164
698,1.8106688,-0.52783155,1.86758
699,1.792807,-0.374674,-0.09994916
700,1.5457348,1.0404184,0.0671348
701,0.5078872,0.9378162,-0.054145403
702,-0.4093155,0.15669489,1.6618323
703,-0.69883573,0.51678693,0.84098804
704,-1.2034857,0.7426758,0.15402249
705,-0.65184224,0.99373955,0.39461127
706,-0.78134334,0.52830803,0.056755677
707,-0.28666127,0.2120018,0.80720204
708,-0.2507358,0.03519195,0.10557179
709,0.01650656,0.6182106,0.5539173
710,0.10151407,-0.07005605,-0.26265913
711,0.34897768,0.17220382,1.7753904
712,-0.16310853,-0.017158544,-0.5343138
713,-0.35627455,-0.16940083,-0.97634876
714,-0.59497005,-0.25611475,-0.741211
715,-0.032197744,-0.29418337,-1.7999378
716,-0.46536738,-0.75400233,-0.77745897
717,-0.07450242,0.42348757,-1.0588323
718,-0.27787048,-0.1839589,-1.1954436
719,-0.2660808,0.29591134,-0.6052004
720,0.74403447,0.34671584,-1.0405412
721,0.082060985,0.83518183,0.61212176
722,0.13937654,-0.050486,-0.8863664
723,0.37140584,0.02299856,-0.5092901
724,-0.8103292,0.46212783,0.060368665
725,-0.2148263,0.080619454,-0.24467456
726,0.008906206,0.20135854,0.17870876
727,-0.02244329,-0.09963941,-0.6135731
728,-0.37878948,-1.7513425,0.06303425
729,-0.76897854,-1.4235549,0.1568394
730,-0.73811775,-0.99750787,1.1611854
731,-0.77402323,-0.5023165,0.9466409
732,0.087206624,-1.0208422,0.2138097
733,0.8038046,-0.6228436,-0.9872086
734,1.0544002,0.51972026,0.27996266
735,0.88110465,0.3535036,0.49202827
736,0.9053135,0.53040355,1.3948829
737,0.10252033,0.46014887,1.1528583
738,-0.07221624,0.9261759,1.6964222
739,0.003241688,0.64334613,1.2742243
740,-0.0509165,-0.77444434,1.2512937
741,-0.11679003,-0.93356884,1.9797941
742,0.039926473,-1.4733393,-0.480091
743,0.14878716,-1.1249712,-0.77791643
744,0.07283668,-0.6664401,-0.8995755
745,0.03793408,-1.0360249,1.1837227
746,0.40843737,-0.3815492,-2.0011067
747,0.44944045,-0.090129636,-0.786543
748,-0.07667284,0.3632911,1.5354165
749,-0.59136736,-0.09745225,-0.0037508085
750,-0.3369991,0.6650212,0.6600976
751,-0.2411654,0.26126269,-0.31763038
752,-0.649018,0.7401777,-1.247099
753,-0.3762783,0.94109017,-2.25854
754,-0.21362828,1.6167034,-1.7095034
755,0.1284999,0.67513937,-1.0087339
756,0.24168862,0.09497032,-1.2644325
757,0.37685758,-0.6558884,-0.9729487
758,-0.2516786,-0.05349596,-0.6705016
759,0.02499931,-0.44214493,-0.67344916
760,0.28650448,-1.0400951,-2.12017
761,-0.27914947,-0.4162398,0.29335365
762,-0.7837909,-0.7838449,-0.19923666
763,-0.23881954,-0.94469595,1.6703513
764,-0.070614986,-0.57867515,-1.1043454
765,0.19519775,0.079193026,-0.63500935
766,0.33101895,0.77244055,-1.054763
767,-0.23752083,0.54599714,0.097481444
768,-0.346527,0.75505036,1.6393207
769,-0.34212983,0.9351638,2.188676
770,0.40129158,0.20527472,2.4541578
771,0.062469307,1.0794194,0.7611868
772,-0.8290477,0.024468474,0.82337505
773,-0.6597274,-0.43244365,-0.6708395
774,0.06522073,-0.45318598,-0.09500916
775,-0.026865227,-1.2764244,-0.0040391423
776,-0.031071344,-0.66137254,0.6673384
777,-0.43181223,-0.15661883,-0.09079257
778,0.5494489,-0.5758209,1.4575391
779,0.4474522,-1.4874161,-0.2871093
780,-0.06513405,0.38962734,-0.4795076
781,-0.46926045,1.2245717,-0.4995495
782,0.39911747,0.7607555,0.2811085
783,0.50884944,-0.24457724,-0.91290605
784,0.21819142,-0.030420797,-0.58801574
785,-0.22713387,0.59438217,0.7171079
786,-0.3103002,0.31943747,-0.93403745
787,-0.007947406,0.9002308,0.6185448
788,0.7030181,0.7574333,-0.7984359
789,0.6526301,0.60578394,-1.5668529
790,0.2486034,0.50558996,-0.8635717
791,0.4135457,0.52172226,-1.2895974
792,0.40838304,0.006111531,-0.09101221
793,0.025547717,1.1641198,0.5888653
794,-0.14924724,0.18278275,0.19984245
795,-0.057781342,0.013454743,0.70412
796,0.17373131,-0.55957747,0.13889474
797,-0.09221583,-1.1867439,0.9022216
798,0.5701398,-1.0756495,-0.076360054
799,0.5159199,-0.21854728,1.4611485
800,0.07222348,0.24812809,0.4212078
801,-0.26689288,0.1733064,1.5109274
802,-0.54109585,-0.1537716,1.3585857
803,-0.13109794,1.0542145,1.3593186
804,0.3950997,0.4941575,0.5682111
805,0.22548029,0.9848255,0.5255637
806,0.1888045,0.26499888,0.1511709
807,0.23455764,-0.26074547,-0.030027766
808,-0.1944787,0.60551375,-0.08743404
809,-0.34044668,0.18539774,-0.77516437
810,0.33684826,-0.20235412,-0.69238
811,0.26579708,-0.45294437,-0.3406635
812,0.57616544,-0.47846007,-0.6315429
813,0.424895,-0.79407156,-1.6716313
814,-0.3880744,-0.38432688,-1.3740157
815,-0.47218943,-0.3610075,0.2353798
816,0.06697276,0.25499895,-0.40712896
817,0.27990416,0.75865924,-0.6836809
818,-0.54414135,0.4311559,-0.87344897
819,-0.1292069,-0.15574305,-1.7170821
820,-0.12493579,-0.46563268,-0.6052395
821,0.082991645,0.21696974,0.39941263
822,0.019764852,0.45303744,-1.015933
823,0.5074728,0.09788643,-0.31840786
824,0.13691697,0.18431363,-0.65392125
825,0.06440418,0.27294597,0.3943497
826,0.3531216,0.36921906,-1.1024266
827,-0.39195976,-0.48195925,-0.55069333
828,-0.49628878,-0.55554557,-1.4196147
829,0.65681845,-1.1739892,-1.4500604
830,0.045340575,-1.9891429,2.908849
831,0.5794604,-0.9889467,0.77552867
832,0.26294422,0.96665764,0.30753386
833,-0.29031068,0.6836228,0.13037643
834,-0.27131838,0.6262549,1.5365504
835,-0.28871498,0.045545347,1.9862369
836,-0.049736895,0.057384215,1.2819732
837,-0.0071206116,-0.048901472,0.11671951
838,-0.24876848,0.2900089,1.2761438
839,-0.5924927,0.2205999,1.4262248
840,-0.7927226,0.16946943,0.5915365
841,-0.7650347,0.2750125,-0.667032
842,-0.3510728,0.71231294,0.21790858
843,-0.41802675,0.11889982,1.2710662
844,-0.88881314,-0.8944887,1.3909879
845,-0.14576331,0.100514576,-0.11287174
846,0.8970733,-1.0886607,-1.5832194
847,0.44207984,0.10308638,-0.54435444
848,0.60801536,-0.12363756,-1.5554001
849,-0.038406238,0.24391863,-0.4935233
850,-0.40835452,-0.3607325,-1.639919
851,-0.011320478,-0.39620316,-0.27309904
852,0.019964678,-0.18034236,0.45531714
853,0.08281959,0.5867366,-0.5190922
854,0.58520746,1.2449523,-1.2562062
855,-0.18671015,0.51341903,-0.91731495
856,0.21067189,0.05966581,-0.12564953
857,0.33217147,-0.17590332,-0.04761892
858,0.045206796,0.8276761,-0.21614516
859,0.055427115,0.6984631,0.8263085
860,0.23888765,0.61262983,0.0026576836
861,-0.6145431,-0.8940676,-0.44818482
862,0.4638343,-2.1987157,1.2877638
863,-0.4436688,-1.4497939,0.4783701
864,-0.34517822,0.3811607,0.496063
865,0.54596806,0.38467157,0.49892035
866,0.24273774,-0.28282005,0.5579863
867,-0.1080416,0.116103604,-0.2858725
868,0.009834497,-0.12629317,0.20243421
869,-0.65956604,0.75924456,1.6486527
870,-0.2923025,0.35482886,1.3733654
871,-0.063707635,0.7200007,2.2134962
872,-0.009915441,0.31210718,1.2620989
873,-0.20150441,0.26217863,-0.43212038
874,-0.4008359,-0.630591,0.014969353
875,0.0128632,-0.37041038,0.14057413
876,0.042760275,0.028393634,2.1066306
877,0.2893565,0.2191309,-0.035490382
878,0.45644253,-1.9347197,-3.0190144
879,0.6180944,-0.99181795,0.28614166
880,-0.17891079,-0.25509375,-1.2857553
881,-0.6178666,-0.07210394,-0.9925289
882,0.12192556,-0.09348212,-0.79414266
883,-0.24460925,0.20150132,0.35164392
884,0.44186133,0.3861641,0.34587792
885,0.34240872,0.24426267,-0.07586193
886,-0.34378088,0.0034743352,-1.3105485
887,-0.12762107,0.13912866,-0.4871946
888,0.6325041,-0.14605902,-1.6045355
889,0.3076663,0.09111388,-0.17424084
890,-0.17125346,-0.65170777,1.0181822
891,0.43934205,-0.21303101,-0.8937868
892,0.19127049,0.047118265,0.5545943
893,-0.543956,-0.63865113,0.66787046
894,-0.2592329,-0.79729253,0.8517832
895,0.1491013,-1.0273955,0.28101653
896,0.7296359,-1.2638956,0.40581247
897,0.58938015,-0.15087286,0.94563204
898,1.4930152,1.1202737,1.1941031
899,1.0212795,0.9977229,-0.14819154
900,0.07565893,0.41451287,0.9541371
901,-0.3871693,0.089514665,-0.016460229
902,0.40425047,-0.15904003,1.1899599
903,0.30819696,0.0969323,-0.38241684
904,-0.24396951,1.5668756,-1.2469835
905,-1.1174754,0.89363205,-0.54674613
906,-1.3804687,0.7457016,-0.36619443
907,-0.72090656,0.84657264,0.9511848
908,-0.2979356,0.14516813,0.35286725
909,-0.25343752,0.44210428,0.75992125
910,-0.06590628,-0.10569518,-0.36114332
911,-0.83652943,0.28618783,-0.11654368
912,-1.385618,-0.5728937,0.10736962
913,-0.9442752,-0.40823242,-0.553218
914,-0.92387307,-0.29566082,-1.345256
915,0.888333,-1.3318045,0.026118346
916,1.2993556,-0.9692966,-0.3483343
917,0.5975161,-0.28574762,-0.98057175
918,-0.37463707,-0.29306406,-1.4987559
919,-0.0944913,1.0964799,-0.519395
920,0.4133802,0.7327762,-2.3051655
921,0.4283787,0.8594004,0.18854128
922,0.27479333,-0.0829454,-0.4325642
923,0.80665404,0.3743289,-0.9852243
924,0.2774427,-0.24585125,-1.003225
925,-0.0145723,-0.5696421,2.2151759
926,-0.08743243,-0.81138086,0.6559059
927,0.17057618,-0.22923262,-0.2790848
928,-0.1880273,-1.3851277,0.27582622
929,0.24182251,-0.44796845,1.326849
930,0.2125188,-0.017850792,1.5590572
931,0.7764898,-0.46413213,1.0261034
932,0.81471205,0.6081273,-0.14997004
933,1.3150227,0.8149488,1.2894033
934,0.27679202,0.8171594,0.8602442
935,-0.39869544,0.414182,1.1374003
936,-0.37916145,0.045385964,0.38273972
937,-0.3758089,0.8192986,0.24072966
938,-0.8156229,0.5649522,-0.25025207
939,-0.6297487,0.73505354,0.7484963
940,0.06332577,-0.67832583,-0.44975737
941,0.16703214,0.04181592,-0.1489298
942,0.683823,-0.65976584,-1.6952858
943,-0.041756727,-0.08122042,-0.4160597
944,-0.05986225,-0.4220145,0.46470425
945,-0.35889426,-0.33611488,-0.003644798
946,0.5930403,-0.33452705,-1.0560703
947,0.50050586,-1.539681,-1.6304127
948,-0.03439964,-0.42713207,-1.1806825
949,-0.08617488,0.39521208,-0.4419036
950,-0.046529543,0.93303794,-0.8593188
951,-0.83821255,0.6151562,-2.3223462
952,-0.48372135,0.7657326,-2.119693
953,-0.7701165,0.48806348,-0.67589504
954,0.08350166,-0.28052032,-0.9339296
955,0.5424333,0.08424896,-1.128441
956,-0.25730637,-0.20517057,-0.79321766
957,0.16599914,0.27650833,-1.2375809
958,-0.30757073,0.4036357,-0.6189008
959,-0.2873116,-0.503883,0.33110887
960,-0.60814226,-0.26521382,-0.028988801
961,-0.4237208,-0.46270958,-0.98249733
962,-0.25504446,-0.8028933,0.24718699
963,-0.718831,-0.4152755,1.5629541
964,-0.20188306,-1.0894221,1.118241
965,-0.27548322,-0.2864275,0.7650986
966,0.21233048,0.13529263,0.49895427
967,0.85683066,0.77725327,-1.2011352
968,0.96093696,0.4481485,-0.9804632
969,0.6467076,0.7796792,-1.2771937
970,-0.086499274,0.60497826,-0.52377784
971,-0.25834912,0.546314,2.4561684
972,-1.2187622,0.7421786,2.2954335
973,-1.1726239,0.5508826,1.761335
974,-0.5946357,0.15725249,0.47467712
975,-0.1506191,-0.24161465,-0.172253
976,-0.40437987,-0.76408476,1.4099994
977,-0.30006444,0.058236778,1.3454889
978,-0.3858116,-0.8655214,0.06964519
979,0.18263468,-1.3155459,-1.4204693
980,-0.10968005,-0.77707493,-0.49156576
981,-0.04074664,-0.08349989,-0.8249023
982,0.7183501,0.43299603,0.82257086
983,0.69446564,0.8387188,0.2652989
984,-0.2980062,0.20087343,-1.2497565
985,0.12307848,0.86365765,-2.076992
986,0.047167227,0.45025775,0.22817546
987,0.04631279,0.15156996,0.09793089
988,0.85484016,0.122844845,-0.91980076
989,0.19593745,0.60106635,0.06575153
990,-0.25514814,0.2611649,-0.19326168
991,-0.528125,-0.515755,0.53786284
992,0.19854215,-0.76383847,-0.04894712
993,0.25256222,-0.6328301,-0.85962135
994,0.35183212,-0.50741285,-0.19596149
995,-0.06544584,-0.99041486,-0.6342895
996,-0.2159203,-0.40802413,1.271962
997,0.2455084,-0.3168799,0.70145255
998,0.6797357,-0.6997951,2.9458618
999,0.5351008,-1.1714007,1.1978822
